Sample Index,TCGA ID,Sample Type,Total Deregulations,Brownian Deregulations,Cluster,CFAP65,CDKN1C,AC245100.2,AC008764.8,LRATD2,AL137186.2,TRIM2,AL022332.1,MADCAM1,U3,AC012213.3,(ENSG00000264976),OAT,AC007000.2,DNPH1
0,TCGA-XK-AAJP-01A,Tumor,8459,1,1,1,0,1,1,1,1,1,0,1,1,1,0,1,0,1
1,TCGA-V1-A8WL-01A,Tumor,5958,4,1,1,1,1,1,0,0,0,0,1,1,0,0,1,0,0
2,TCGA-J9-A52B-01A,Tumor,7596,1,1,1,0,0,0,0,0,0,0,0,1,1,1,0,0,0
3,TCGA-HC-7742-11A,Normal,2658,161,2,0,0,0,0,0,0,0,0,0,0,0,0,0,0,0
4,TCGA-HC-7745-01A,Tumor,5560,1,1,0,0,0,0,0,0,0,1,0,0,0,0,0,0,0
5,TCGA-G9-6363-01A,Tumor,8142,1,1,1,1,0,0,0,0,1,0,0,0,0,0,0,0,0
6,TCGA-XJ-A9DK-01A,Tumor,5316,1,1,1,0,0,1,0,0,0,0,0,0,0,0,0,0,0
7,TCGA-KK-A7B3-01A,Tumor,8041,3,1,1,0,1,1,0,1,0,1,0,0,1,1,0,0,1
8,TCGA-EJ-A46H-01A,Tumor,6522,2,1,0,0,0,0,0,0,0,0,0,0,0,1,0,0,0
9,TCGA-VN-A88K-01A,Tumor,7546,5,1,1,0,1,1,0,0,1,0,1,0,0,0,0,0,1
10,TCGA-EJ-8469-01A,Tumor,9062,2,1,1,0,1,0,1,0,0,1,0,1,0,0,0,0,0
11,TCGA-G9-6384-11A,Normal,3155,1,1,0,0,0,0,0,0,0,0,0,0,0,0,0,0,0
12,TCGA-FC-A5OB-01A,Tumor,9506,1,1,0,1,1,0,0,0,1,0,1,0,0,0,1,0,0
13,TCGA-EJ-7788-01A,Tumor,5768,1,1,0,1,1,0,0,0,0,1,0,0,0,0,0,0,0
14,TCGA-V1-A9ZI-01A,Tumor,8641,1,1,1,0,1,1,1,1,1,1,1,0,1,0,1,1,1
15,TCGA-HC-7740-01A,Tumor,2368,3,1,0,0,0,0,0,0,0,0,0,0,0,1,0,0,0
16,TCGA-EJ-7794-11A,Normal,3666,2,1,0,0,0,0,0,0,0,0,0,0,0,0,0,0,0
17,TCGA-G9-6362-11A,Normal,7962,1,1,0,0,0,0,0,0,0,0,0,0,0,0,0,0,0
18,TCGA-J4-A83I-01A,Tumor,8514,2,1,1,1,1,1,0,0,0,0,0,1,0,1,1,0,0
19,TCGA-KK-A7AP-01A,Tumor,11302,1,1,1,1,1,1,1,0,1,0,1,0,0,0,1,0,1
20,TCGA-KK-A6E4-01A,Tumor,10237,364,2,1,0,0,0,0,0,1,1,0,1,0,0,0,0,1
21,TCGA-EJ-AB27-01A,Tumor,3409,1,1,0,0,0,0,0,0,0,1,0,0,0,0,0,0,0
22,TCGA-QU-A6IL-01A,Tumor,13625,1,1,1,0,0,0,0,0,1,0,1,0,0,0,1,0,1
23,TCGA-KK-A8I6-01A,Tumor,6843,4,1,1,0,1,1,1,1,0,0,0,1,0,0,0,0,1
24,TCGA-2A-A8VV-01A,Tumor,6466,3,1,1,0,0,0,1,0,0,1,0,0,0,0,0,0,1
25,TCGA-VN-A88I-01A,Tumor,5766,3,1,0,0,1,0,0,1,0,0,1,0,1,0,0,0,0
26,TCGA-HC-7745-11A,Normal,5196,1,1,0,0,0,0,0,0,0,0,0,0,0,0,0,0,0
27,TCGA-2A-A8VX-01A,Tumor,9780,2,1,1,0,0,0,1,0,1,1,1,0,1,0,1,0,1
28,TCGA-EJ-A8FN-01A,Tumor,5559,2,1,1,1,0,0,0,0,1,0,0,0,0,0,1,0,1
29,TCGA-HC-8260-01A,Tumor,5823,2,1,0,0,1,1,0,0,0,1,0,0,1,1,0,0,0
30,TCGA-G9-6379-01A,Tumor,11010,1,1,1,0,0,0,1,0,1,0,1,0,0,0,1,0,1
31,TCGA-G9-6347-01A,Tumor,11577,1,1,0,0,0,0,1,1,1,1,0,0,0,0,1,0,1
32,TCGA-CH-5766-01A,Tumor,6401,1,1,1,0,1,0,1,0,0,0,0,0,0,1,0,0,0
33,TCGA-CH-5748-01A,Tumor,6555,4,1,0,1,1,0,1,0,0,1,0,0,0,0,0,0,0
34,TCGA-XK-AAJU-01A,Tumor,4312,1,1,0,0,0,1,0,0,0,0,0,0,0,0,0,0,0
35,TCGA-YL-A9WX-01A,Tumor,5881,598,2,0,1,1,1,0,1,0,0,0,1,0,0,0,0,0
36,TCGA-YL-A8HJ-01A,Tumor,5317,1,1,0,1,1,1,0,0,1,0,0,1,0,0,0,0,0
37,TCGA-HC-7740-11A,Normal,5901,3,1,0,0,0,0,0,0,0,0,0,0,0,0,0,0,0
38,TCGA-KK-A5A1-01A,Tumor,8385,1,1,1,1,0,0,1,0,1,1,0,0,0,0,1,0,1
39,TCGA-V1-A8WS-01A,Tumor,7639,4,1,0,1,0,1,0,1,0,0,0,0,0,0,0,0,1
40,TCGA-HC-A632-01A,Tumor,8183,1,1,1,1,1,1,1,0,1,1,1,0,0,0,1,0,0
41,TCGA-HC-8266-01A,Tumor,5803,2,1,0,1,1,0,1,0,0,0,0,0,0,0,0,0,0
42,TCGA-HC-7233-01A,Tumor,4876,440,2,0,1,0,0,1,0,0,0,0,0,0,0,0,0,1
43,TCGA-V1-A9OQ-01A,Tumor,7196,3,1,1,0,0,0,0,1,1,0,0,1,0,0,1,0,1
44,TCGA-J4-A83J-01A,Tumor,7620,1,1,1,1,1,1,0,1,1,0,0,1,0,0,0,1,0
45,TCGA-HC-7211-01A,Tumor,6188,2,1,0,1,1,0,1,0,0,0,0,0,0,0,1,0,0
46,TCGA-ZG-A9LM-01A,Tumor,7355,1,1,0,0,0,1,0,0,0,0,0,0,1,0,1,1,0
47,TCGA-CH-5750-01A,Tumor,7993,1,1,0,1,1,0,1,0,0,0,0,0,0,0,0,0,0
48,TCGA-VP-A87H-01A,Tumor,7948,2,1,1,0,1,1,1,0,1,1,1,1,0,0,1,1,1
49,TCGA-KK-A7B2-01A,Tumor,6226,5,1,1,0,0,0,0,0,1,1,0,0,1,0,0,0,1
50,TCGA-YL-A9WI-01A,Tumor,9970,1,1,1,0,1,0,1,0,1,0,1,1,0,0,1,0,1
51,TCGA-EJ-A65M-01A,Tumor,7843,4,1,1,0,0,0,0,1,1,0,0,0,0,0,0,0,1
52,TCGA-VN-A88M-01A,Tumor,9202,1,1,1,0,0,1,0,1,0,1,0,0,0,1,0,0,1
53,TCGA-EJ-A65D-01A,Tumor,12233,3,1,1,0,0,0,0,0,0,1,1,0,0,0,1,0,1
54,TCGA-J9-A8CK-01A,Tumor,5173,1,1,1,0,0,1,0,1,1,1,0,0,0,0,0,0,1
55,TCGA-EJ-5503-01A,Tumor,2410,1,1,0,0,0,0,0,0,0,0,0,0,0,0,0,1,0
56,TCGA-M7-A720-01A,Tumor,3299,424,2,0,0,0,0,0,0,0,1,0,0,0,0,0,0,0
57,TCGA-XK-AAJT-01A,Tumor,4931,3,1,1,0,0,1,0,0,1,0,1,0,0,0,0,0,1
58,TCGA-KK-A6E8-01A,Tumor,9662,311,2,1,0,0,0,1,0,1,0,1,0,1,0,1,0,1
59,TCGA-HI-7169-01A,Tumor,10050,1,1,1,0,0,0,1,0,1,0,0,0,0,0,1,0,0
60,TCGA-V1-A9OF-01A,Tumor,8287,1,1,1,0,1,0,0,0,1,0,1,1,0,0,1,1,1
61,TCGA-HC-A6AQ-01A,Tumor,8544,4,1,1,0,0,0,0,0,1,1,0,0,0,0,1,0,1
62,TCGA-YL-A9WH-01A,Tumor,8988,1,1,0,1,1,1,1,0,0,1,1,0,0,0,1,0,1
63,TCGA-G9-6384-01A,Tumor,3462,11,1,0,0,0,0,0,1,0,0,0,1,0,0,0,0,0
64,TCGA-HC-A6HX-01A,Tumor,9955,1,1,1,0,0,0,0,1,1,0,1,0,0,0,1,0,1
65,TCGA-KK-A8I8-01A,Tumor,8681,1,1,0,1,1,0,1,0,0,1,1,1,0,0,0,0,1
66,TCGA-HC-A6AO-01A,Tumor,10475,2,1,1,0,0,0,1,0,1,0,1,1,0,0,0,0,1
67,TCGA-VP-A87C-01A,Tumor,7277,1,1,0,1,1,1,0,0,0,0,1,1,0,0,0,0,0
68,TCGA-KK-A8IC-01A,Tumor,4441,1,1,0,0,0,0,0,1,1,1,0,0,0,0,0,0,0
69,TCGA-KC-A7F6-01A,Tumor,7030,2,1,1,0,0,1,0,1,0,1,0,1,0,0,0,0,1
70,TCGA-G9-6365-11A,Normal,5932,1,1,0,0,0,0,0,0,0,0,0,0,0,0,0,0,0
71,TCGA-V1-A8MK-01A,Tumor,3750,219,2,0,0,0,1,0,0,0,0,0,0,0,0,0,0,1
72,TCGA-EJ-7314-01A,Tumor,5891,3,1,0,0,0,0,0,0,0,1,1,1,0,0,0,0,0
73,TCGA-HC-A631-01A,Tumor,8063,5,1,0,1,1,1,0,0,0,0,0,0,0,0,1,0,1
74,TCGA-2A-A8VT-01A,Tumor,9370,233,2,0,1,1,1,1,0,0,0,1,0,1,1,0,1,0
75,TCGA-YL-A8SA-01A,Tumor,9302,3,1,0,1,1,1,1,1,0,0,0,1,0,0,0,0,0
76,TCGA-EJ-7793-11A,Normal,2091,146,2,0,0,0,0,0,0,0,0,0,0,0,0,0,0,0
77,TCGA-KK-A6DY-01A,Tumor,7398,3,1,0,0,1,1,0,0,0,0,0,1,0,0,0,0,0
78,TCGA-ZG-A9LB-01A,Tumor,9330,1,1,0,0,0,0,0,0,1,0,0,0,0,0,0,0,1
79,TCGA-EJ-7125-01A,Tumor,6135,555,2,0,1,0,0,0,1,0,0,1,0,0,0,1,0,0
80,TCGA-HC-7232-01A,Tumor,5151,530,2,1,1,1,0,0,0,1,0,1,0,0,0,1,0,0
81,TCGA-EJ-7783-11A,Normal,5807,1,1,0,0,0,0,0,0,0,0,0,0,0,0,0,0,0
82,TCGA-QU-A6IO-01A,Tumor,12643,1,1,1,0,0,1,0,1,1,0,1,0,0,0,1,0,1
83,TCGA-YL-A8HM-01A,Tumor,9796,1,1,1,1,1,1,1,0,1,1,1,0,0,0,1,0,1
84,TCGA-J4-A67O-01A,Tumor,10948,1,1,1,1,0,0,0,0,1,0,0,0,0,0,1,0,1
85,TCGA-EJ-7781-01A,Tumor,5153,3,1,0,1,0,0,1,0,0,0,0,0,0,0,1,0,0
86,TCGA-G9-6353-01A,Tumor,3031,2,1,0,0,0,0,0,0,0,0,0,0,0,0,0,0,1
87,TCGA-M7-A722-01A,Tumor,13232,2,1,1,1,0,0,0,0,1,0,1,0,1,0,1,0,1
88,TCGA-EJ-7330-11A,Normal,3128,1,1,0,0,0,0,0,0,0,0,0,0,0,0,0,0,0
89,TCGA-J4-A6G1-01A,Tumor,5428,1,1,0,0,0,1,0,0,0,1,0,1,0,0,0,0,0
90,TCGA-KC-A4BN-01A,Tumor,6705,1,1,0,1,0,1,0,0,0,0,0,0,0,0,0,1,0
91,TCGA-V1-A8ML-01A,Tumor,5883,1,1,1,1,0,0,0,0,1,1,1,0,0,0,1,0,1
92,TCGA-EJ-A7NK-01A,Tumor,5421,4,1,0,0,1,1,0,1,0,0,0,0,0,0,0,0,0
93,TCGA-KK-A7AV-01A,Tumor,6560,1,1,0,0,1,1,0,1,1,0,1,1,0,0,0,0,1
94,TCGA-M7-A721-01A,Tumor,4624,10,1,1,0,1,1,0,1,0,0,0,0,0,0,0,0,1
95,TCGA-G9-7519-01A,Tumor,5740,2,1,0,0,0,0,0,0,1,0,0,0,0,0,1,0,0
96,TCGA-V1-A9Z7-01A,Tumor,6235,4,1,0,1,0,0,1,1,1,1,1,0,0,0,1,0,1
97,TCGA-G9-6369-01A,Tumor,9900,3,1,1,0,0,0,0,1,1,1,1,0,0,0,1,0,1
98,TCGA-J9-A52E-01A,Tumor,10120,1,1,0,0,0,0,0,1,0,0,0,1,1,0,1,0,1
99,TCGA-KC-A7F3-01A,Tumor,6087,3,1,1,0,0,1,0,0,1,0,0,0,0,0,1,1,1
100,TCGA-EJ-7328-01A,Tumor,4947,2,1,0,0,1,0,0,0,0,1,0,0,1,0,0,0,0
101,TCGA-WW-A8ZI-01A,Tumor,9836,1,1,0,0,1,1,1,1,1,0,0,1,1,0,1,1,1
102,TCGA-EJ-7331-11A,Normal,2821,6,1,0,0,0,0,0,0,0,0,0,0,0,0,0,0,0
103,TCGA-YL-A8SQ-01B,Tumor,7258,1,1,1,0,1,1,1,0,1,0,0,0,1,1,1,1,1
104,TCGA-FC-A66V-01A,Tumor,7670,1,1,1,1,0,0,0,0,1,0,0,0,0,0,0,0,1
105,TCGA-EJ-5497-01A,Tumor,4848,1,1,0,0,0,0,1,0,0,0,0,1,0,1,0,0,0
106,TCGA-HC-7078-01A,Tumor,7211,1,1,1,1,1,0,1,0,1,0,1,0,0,1,1,0,0
107,TCGA-CH-5741-01A,Tumor,7641,535,2,1,0,0,0,0,0,0,0,1,1,1,0,0,0,0
108,TCGA-FC-A4JI-01A,Tumor,10795,1,1,0,0,0,0,1,0,1,0,1,0,1,0,1,0,1
109,TCGA-EJ-7792-01A,Tumor,3772,3,1,0,0,0,0,0,0,0,0,1,0,0,0,0,0,0
110,TCGA-HC-7231-01A,Tumor,5955,2,1,1,1,0,0,0,0,0,1,0,1,0,1,0,0,0
111,TCGA-EJ-7317-01A,Tumor,5794,846,2,0,0,0,0,0,0,1,0,1,0,0,0,1,0,0
112,TCGA-EJ-5498-01A,Tumor,3490,1,1,0,0,0,0,0,0,0,0,0,1,0,0,0,0,0
113,TCGA-V1-A8MG-01A,Tumor,7408,1,1,1,0,1,1,1,0,1,1,1,1,1,0,1,0,1
114,TCGA-G9-6348-01A,Tumor,4348,620,2,1,1,0,0,0,0,0,1,0,0,0,0,1,0,0
115,TCGA-KK-A59X-01A,Tumor,9679,1,1,1,1,0,0,1,0,1,0,1,0,0,0,1,1,0
116,TCGA-J4-A67L-01A,Tumor,8205,3,1,1,1,0,0,0,1,1,0,0,0,0,0,1,0,1
117,TCGA-ZG-A8QW-01A,Tumor,5572,4,1,1,0,0,0,0,0,1,0,0,0,0,0,1,0,1
118,TCGA-EJ-7123-01A,Tumor,5853,5,1,0,1,0,0,1,0,1,0,0,1,0,0,1,0,0
119,TCGA-EJ-7797-01A,Tumor,4252,2,1,0,1,0,1,0,0,0,1,0,0,0,0,0,0,0
120,TCGA-MG-AAMC-01A,Tumor,10195,2,1,1,1,0,1,0,0,1,0,0,1,1,1,1,0,1
121,TCGA-EJ-8470-01A,Tumor,7941,3,1,0,1,1,1,0,0,1,0,0,0,0,0,0,0,0
122,TCGA-V1-A8MU-01A,Tumor,5308,5,1,1,0,1,1,0,1,1,1,1,0,0,0,0,0,1
123,TCGA-KK-A8I7-01A,Tumor,3993,253,2,0,1,0,0,0,0,1,0,0,0,0,0,0,0,1
124,TCGA-M7-A71Y-01A,Tumor,4419,207,2,0,0,0,1,0,0,0,0,0,0,0,0,0,0,0
125,TCGA-HI-7170-01A,Tumor,3473,4,1,0,0,0,0,0,0,0,0,1,0,0,0,0,0,0
126,TCGA-YL-A9WJ-01A,Tumor,6143,657,2,0,0,1,1,1,0,1,0,0,0,0,0,1,1,0
127,TCGA-KK-A6E3-01A,Tumor,7907,2,1,1,0,0,0,0,0,1,0,0,0,0,0,1,0,1
128,TCGA-YL-A8SJ-01B,Tumor,6931,1,1,0,0,1,1,0,0,0,0,0,0,0,0,0,0,1
129,TCGA-CH-5746-01A,Tumor,5493,1,1,0,0,0,1,0,0,0,1,0,1,0,0,0,1,0
130,TCGA-4L-AA1F-01A,Tumor,7051,2,1,0,0,0,0,0,1,0,0,0,0,1,1,0,0,0
131,TCGA-EJ-A7NJ-01A,Tumor,5142,3,1,0,0,1,1,0,0,0,0,1,0,0,1,0,0,0
132,TCGA-EJ-A8FU-01A,Tumor,3652,2,1,0,0,1,1,0,0,0,0,0,0,0,0,0,0,0
133,TCGA-V1-A9ZR-01A,Tumor,7424,1,1,1,0,1,1,0,0,0,1,1,1,1,0,1,0,1
134,TCGA-EJ-A46F-01A,Tumor,12146,1,1,1,1,0,0,0,1,0,0,1,0,1,0,0,0,1
135,TCGA-V1-A9OX-01A,Tumor,6418,2,1,1,0,0,1,0,0,1,0,1,0,0,0,1,0,1
136,TCGA-EJ-A46D-01A,Tumor,6276,1,1,1,0,0,1,0,0,0,1,0,1,0,0,0,1,1
137,TCGA-EJ-7327-01A,Tumor,4912,1,1,0,1,1,0,1,0,0,0,0,1,0,0,0,0,0
138,TCGA-G9-6496-01A,Tumor,9337,2,1,1,0,0,0,0,0,1,0,0,0,0,0,1,0,1
139,TCGA-EJ-7123-11A,Normal,5682,1,1,0,0,0,0,0,0,0,0,0,0,0,0,0,0,0
140,TCGA-EJ-7314-11A,Normal,2253,12,1,0,0,0,0,0,0,0,0,0,0,0,0,0,0,0
141,TCGA-EJ-5531-01A,Tumor,3759,6,1,0,0,0,0,1,0,0,0,0,0,0,0,0,0,0
142,TCGA-FC-A6HD-01A,Tumor,12075,1,1,0,1,0,0,0,0,1,0,0,0,0,0,1,0,1
143,TCGA-M7-A725-01A,Tumor,8142,573,2,0,1,1,0,1,0,0,0,0,0,0,0,0,0,0
144,TCGA-HC-A6HY-01A,Tumor,7680,725,2,1,0,0,1,0,1,1,1,0,0,0,0,0,0,1
145,TCGA-ZG-A9L4-01A,Tumor,4800,411,2,0,1,0,0,0,0,1,0,1,1,0,0,0,0,0
146,TCGA-ZG-A9LS-01A,Tumor,5848,1,1,1,0,1,1,0,0,0,1,0,0,1,0,1,0,1
147,TCGA-EJ-7218-01B,Tumor,6360,1,1,1,0,1,0,0,1,0,0,0,1,0,0,1,0,1
148,TCGA-CH-5754-01A,Tumor,7327,1,1,0,1,1,0,1,1,0,0,0,1,0,1,1,1,1
149,TCGA-TK-A8OK-01A,Tumor,4671,1,1,0,0,0,0,0,1,0,0,0,0,0,1,0,0,0
150,TCGA-EJ-7318-01B,Tumor,6349,752,2,1,0,0,0,0,0,1,0,0,0,0,0,0,0,1
151,TCGA-KK-A8IB-01A,Tumor,7388,2,1,1,1,0,1,0,1,1,0,0,0,0,0,1,0,1
152,TCGA-EJ-A7NF-01A,Tumor,7585,1089,2,1,1,0,1,0,0,0,1,0,1,0,0,0,0,1
153,TCGA-V1-A9OL-01A,Tumor,8248,1,1,1,0,1,1,1,0,1,0,0,0,0,0,0,0,1
154,TCGA-J4-A67S-01A,Tumor,8988,3,1,1,0,0,1,0,0,0,0,0,0,0,0,0,0,1
155,TCGA-CH-5788-01A,Tumor,10118,1,1,0,1,0,0,1,1,1,0,0,1,0,0,1,0,0
156,TCGA-J9-A8CP-01A,Tumor,5948,1,1,1,0,0,0,0,0,1,0,1,0,0,0,0,0,1
157,TCGA-KK-A6E7-01A,Tumor,9305,188,2,1,1,0,1,0,0,1,0,1,1,0,0,1,0,0
158,TCGA-EJ-5505-01A,Tumor,5152,365,2,1,0,0,0,1,0,0,0,0,0,0,0,1,0,0
159,TCGA-ZG-A9M4-01A,Tumor,9367,1,1,1,1,1,1,1,0,1,0,1,0,1,1,1,1,0
160,TCGA-KK-A8IM-01A,Tumor,5055,1,1,0,1,1,1,1,0,0,1,0,0,0,0,0,0,0
161,TCGA-KK-A7AY-01A,Tumor,10062,367,2,1,0,0,0,0,0,1,0,0,0,0,0,1,0,1
162,TCGA-M7-A71Z-01A,Tumor,10692,4,1,1,0,0,1,0,0,1,1,1,0,0,0,1,0,1
163,TCGA-M7-A723-01A,Tumor,5719,1,1,1,0,0,0,0,0,1,0,0,0,0,0,0,0,1
164,TCGA-KK-A8I4-01A,Tumor,6360,2,1,0,1,1,1,0,1,0,1,0,1,1,0,0,0,0
165,TCGA-J4-A83J-11A,Normal,5450,196,2,0,0,0,0,0,0,0,0,0,0,0,0,0,0,0
166,TCGA-EJ-A7NM-01A,Tumor,8088,2,1,1,0,1,0,0,0,0,0,1,1,0,0,0,0,0
167,TCGA-VN-A88O-01A,Tumor,7819,1,1,1,0,1,1,0,0,1,0,0,1,0,0,1,0,1
168,TCGA-V1-A9O9-01A,Tumor,8356,2,1,1,1,1,1,0,1,0,0,0,1,0,0,0,0,0
169,TCGA-ZG-A9NI-01A,Tumor,6202,1,1,1,0,0,0,0,0,1,0,0,0,0,0,1,0,1
170,TCGA-YL-A9WY-01A,Tumor,7462,2,1,1,1,1,1,0,1,0,0,0,0,1,0,1,0,1
171,TCGA-G9-7509-01A,Tumor,4434,2,1,1,0,0,0,0,0,0,0,0,1,0,0,0,0,0
172,TCGA-CH-5769-11A,Normal,6395,1,1,0,0,0,0,0,0,0,0,0,0,0,0,0,0,0
173,TCGA-HC-8261-01A,Tumor,6055,484,2,1,0,0,0,0,0,1,1,1,1,0,0,1,0,1
174,TCGA-KK-A59V-01A,Tumor,12254,1,1,1,1,0,1,1,1,1,0,0,1,1,1,1,1,0
175,TCGA-HC-7211-11A,Normal,8180,2,1,0,0,0,0,0,0,0,0,0,0,0,0,0,0,0
176,TCGA-V1-A9OT-01A,Tumor,10631,1,1,1,0,0,1,0,1,1,0,1,0,0,0,1,0,1
177,TCGA-ZG-A9L2-01A,Tumor,4813,4,1,0,0,0,0,0,0,1,0,0,1,0,0,0,0,1
178,TCGA-CH-5790-01A,Tumor,7223,1,1,0,1,1,1,1,0,1,1,0,1,0,0,0,0,0
179,TCGA-KK-A6E1-01A,Tumor,9767,2,1,1,1,1,1,0,1,0,0,1,0,0,1,0,0,0
180,TCGA-HC-7749-01A,Tumor,5269,1,1,0,1,1,0,0,0,1,0,0,0,0,0,1,0,0
181,TCGA-CH-5764-01A,Tumor,6882,1,1,0,1,1,0,1,0,0,1,0,1,0,0,1,0,0
182,TCGA-YL-A8SR-01B,Tumor,6819,1,1,1,1,1,1,1,0,1,0,1,0,0,0,1,0,0
183,TCGA-YL-A8SL-01B,Tumor,10908,3,1,1,0,1,1,1,0,0,1,0,1,1,0,0,0,1
184,TCGA-KK-A7AZ-01A,Tumor,9878,1,1,1,0,1,1,0,1,0,1,0,0,1,0,0,0,1
185,TCGA-EJ-7115-11A,Normal,2220,1,1,0,0,0,0,0,0,0,0,0,0,0,0,0,0,0
186,TCGA-KK-A8II-01A,Tumor,9390,1,1,1,1,1,1,1,0,0,1,0,0,0,0,0,1,0
187,TCGA-KK-A7B1-01A,Tumor,5838,2,1,1,1,1,1,0,1,0,1,0,1,0,0,0,0,0
188,TCGA-G9-6494-01A,Tumor,5169,9,1,0,0,0,0,1,0,0,0,0,0,0,0,1,0,0
189,TCGA-KC-A7FD-01A,Tumor,8064,577,2,0,1,0,1,1,0,0,0,0,0,1,0,0,0,0
190,TCGA-YL-A8S8-01A,Tumor,9349,1,1,0,1,1,1,1,0,1,0,1,1,0,0,1,1,0
191,TCGA-V1-A8X3-01A,Tumor,5441,2,1,0,1,1,0,1,0,0,0,0,1,0,0,0,0,0
192,TCGA-HC-8265-01A,Tumor,8145,1,1,0,0,1,1,0,0,0,1,0,0,0,0,1,0,0
193,TCGA-V1-A8MF-01A,Tumor,6793,2,1,0,1,1,0,0,0,1,0,1,0,0,0,1,0,1
194,TCGA-J9-A8CM-01A,Tumor,5670,2,1,1,0,1,0,0,1,0,1,0,0,1,0,1,0,1
195,TCGA-KK-A8IK-01A,Tumor,11432,1,1,1,1,1,0,1,0,1,0,1,0,1,0,1,0,1
196,TCGA-EJ-AB20-01A,Tumor,7055,3,1,0,0,0,0,1,0,0,0,0,0,0,0,0,0,0
197,TCGA-J4-A67K-01A,Tumor,9683,2,1,1,0,0,0,0,1,1,0,0,1,0,0,0,0,1
198,TCGA-HC-7212-01A,Tumor,7140,189,2,0,1,1,0,1,0,0,0,0,1,0,0,0,0,0
199,TCGA-EJ-7782-11A,Normal,4456,1,1,0,0,0,0,0,0,0,0,0,0,0,0,0,0,0
200,TCGA-EJ-A46B-01A,Tumor,4300,1,1,0,0,0,1,0,0,0,0,1,0,0,0,1,1,0
201,TCGA-EJ-A65E-01A,Tumor,7947,3,1,1,0,1,1,1,0,1,0,0,0,0,0,0,0,0
202,TCGA-CH-5737-01A,Tumor,5999,1,1,1,0,0,0,0,0,1,0,0,0,0,0,1,0,0
203,TCGA-HC-7740-01B,Tumor,24603,1,1,0,0,1,1,0,1,0,0,0,1,1,1,1,1,1
204,TCGA-HI-7171-01A,Tumor,7473,1,1,1,1,1,0,1,0,1,0,0,1,1,1,0,0,0
205,TCGA-KC-A4BL-01A,Tumor,5138,1,1,0,0,0,1,0,1,0,1,0,0,0,0,0,0,0
206,TCGA-G9-6333-11A,Normal,2980,1,1,0,0,0,0,0,0,0,0,0,0,0,0,0,0,0
207,TCGA-EJ-7785-11A,Normal,2705,3,1,0,0,0,0,0,0,0,0,0,0,0,0,0,0,0
208,TCGA-EJ-A6RA-01A,Tumor,4983,5,1,1,0,0,0,0,0,1,0,0,0,0,0,0,0,1
209,TCGA-EJ-5518-01A,Tumor,5412,1,1,0,1,1,0,0,0,1,0,0,0,0,0,1,0,1
210,TCGA-G9-6351-01A,Tumor,4079,923,2,0,0,0,0,0,0,0,0,0,1,0,0,0,0,0
211,TCGA-HC-7820-01A,Tumor,5795,1,1,1,0,0,1,1,0,0,1,0,0,0,0,0,0,0
212,TCGA-CH-5743-01A,Tumor,4395,435,2,0,0,0,0,0,0,0,0,0,0,1,0,0,0,0
213,TCGA-EJ-5501-01A,Tumor,3851,1,1,0,0,0,0,1,0,0,1,0,1,0,0,0,0,0
214,TCGA-ZG-A9N3-01A,Tumor,9641,1,1,0,1,0,0,1,0,0,0,0,0,0,0,1,0,0
215,TCGA-EJ-A7NG-01A,Tumor,3995,2,1,0,0,0,1,0,0,0,0,0,0,0,0,0,0,0
216,TCGA-J4-AATZ-01A,Tumor,7365,5,1,1,0,1,0,1,0,0,0,0,0,0,1,1,0,1
217,TCGA-EJ-7327-11A,Normal,4346,5,1,0,0,0,0,0,0,0,0,0,0,0,0,0,0,0
218,TCGA-XK-AAK1-01A,Tumor,9276,459,2,1,0,0,0,0,0,1,0,1,1,0,0,1,0,1
219,TCGA-XK-AAIR-01A,Tumor,4148,505,2,0,1,1,1,0,0,0,0,1,1,0,0,0,0,0
220,TCGA-G9-6496-11A,Normal,2771,1,1,0,0,0,0,0,0,0,0,0,0,0,0,0,0,0
221,TCGA-FC-7961-01A,Tumor,6743,2,1,1,0,1,0,1,1,1,0,0,0,0,0,0,0,0
222,TCGA-EJ-7785-01A,Tumor,4567,1,1,0,1,0,1,1,0,0,0,0,1,0,0,0,0,0
223,TCGA-HC-7819-11A,Normal,2405,6,1,0,0,0,0,0,0,0,0,0,0,0,0,0,0,0
224,TCGA-EJ-A6RC-01A,Tumor,3804,5,1,0,0,0,0,0,1,1,0,0,0,0,0,1,0,0
225,TCGA-XJ-A9DQ-01A,Tumor,5953,2,1,1,0,0,1,0,0,0,0,1,1,1,0,0,1,1
226,TCGA-SU-A7E7-01A,Tumor,6239,7,1,0,0,1,1,0,0,0,0,0,0,0,0,0,1,0
227,TCGA-VN-A88Q-01A,Tumor,7503,1,1,1,1,0,1,0,1,0,1,0,1,0,0,0,0,0
228,TCGA-G9-6351-11A,Normal,2777,2,1,0,0,0,0,0,0,0,0,0,0,0,0,0,0,0
229,TCGA-EJ-8472-01A,Tumor,8275,1,1,0,0,0,1,0,0,0,0,0,1,1,1,1,0,0
230,TCGA-HC-7210-01A,Tumor,5213,360,2,0,0,0,1,0,0,0,0,1,0,0,0,1,0,0
231,TCGA-CH-5769-01A,Tumor,6577,1,1,0,0,0,0,0,0,0,0,0,1,0,0,0,0,0
232,TCGA-G9-6361-01A,Tumor,5049,2,1,1,0,0,0,0,0,0,1,0,1,0,0,1,0,1
233,TCGA-YL-A8HO-01A,Tumor,5559,1,1,0,0,0,0,0,0,0,0,1,0,0,0,0,0,1
234,TCGA-EJ-7315-11A,Normal,4246,194,2,0,0,0,0,0,0,0,0,0,0,0,0,0,0,0
235,TCGA-ZG-A9MC-01A,Tumor,6232,2,1,0,0,1,0,0,1,0,0,0,0,0,0,0,0,0
236,TCGA-EJ-7317-11A,Normal,2498,436,2,0,0,0,0,0,0,0,0,0,0,0,0,0,0,0
237,TCGA-XK-AAIV-01A,Tumor,8457,3,1,1,1,1,0,1,0,0,0,0,1,0,0,1,0,1
238,TCGA-J4-A83L-01A,Tumor,5032,2,1,0,1,1,0,0,0,1,1,0,0,0,0,1,0,0
239,TCGA-VN-A943-01A,Tumor,9384,3,1,1,0,1,0,1,0,1,0,1,0,0,0,1,0,1
240,TCGA-ZG-A9KY-01A,Tumor,9924,3,1,0,1,1,1,1,0,1,0,1,0,0,1,1,0,1
241,TCGA-G9-6356-11A,Normal,4376,1,1,0,0,0,0,0,0,0,0,0,0,0,0,0,0,0
242,TCGA-YL-A8SH-01B,Tumor,7327,20,1,1,0,1,1,0,0,1,0,1,0,0,0,1,0,1
243,TCGA-EJ-7792-11A,Normal,2664,5,1,0,0,0,0,0,0,0,0,0,0,0,0,0,0,0
244,TCGA-G9-6499-01A,Tumor,5951,2,1,1,0,0,0,0,0,1,0,0,1,0,0,0,0,1
245,TCGA-HC-8259-11A,Normal,2973,1,1,0,0,0,0,0,0,0,0,0,0,0,0,0,0,0
246,TCGA-G9-A9S7-01A,Tumor,7504,4,1,0,0,1,1,0,1,0,1,0,0,0,0,0,0,1
247,TCGA-EJ-5522-01A,Tumor,4684,2,1,0,1,0,0,1,0,0,1,0,1,0,1,1,0,0
248,TCGA-ZG-A8QX-01A,Tumor,5805,1,1,1,1,0,0,1,0,1,0,1,1,0,0,1,0,1
249,TCGA-QU-A6IP-01A,Tumor,6133,340,2,1,0,0,1,0,1,1,1,0,0,0,0,0,0,1
250,TCGA-V1-A9OH-01A,Tumor,4603,4,1,1,0,0,0,1,0,0,1,0,0,1,0,0,0,1
251,TCGA-ZG-A9L9-01A,Tumor,7238,3,1,1,0,0,1,0,1,1,1,0,1,0,0,1,0,1
252,TCGA-X4-A8KS-01A,Tumor,9327,1,1,1,0,0,0,0,0,1,0,0,0,1,0,1,0,0
253,TCGA-EJ-7115-01A,Tumor,4012,3,1,1,0,0,0,0,0,0,0,1,0,0,0,0,0,0
254,TCGA-KK-A7B4-01A,Tumor,8544,2,1,1,0,1,1,1,0,0,0,1,0,0,0,0,0,0
255,TCGA-VP-A879-01A,Tumor,4740,185,2,1,0,0,1,0,1,0,0,0,0,0,0,0,0,0
256,TCGA-EJ-5542-01A,Tumor,5477,452,2,0,1,0,0,1,0,1,1,0,1,0,0,0,0,0
257,TCGA-YL-A8HK-01A,Tumor,7087,2,1,0,0,1,1,0,1,0,0,0,0,0,0,0,0,0
258,TCGA-EJ-7783-01A,Tumor,4663,1,1,0,0,1,0,0,0,1,0,0,1,0,1,0,1,0
259,TCGA-EJ-A46I-01A,Tumor,5071,1,1,0,0,1,1,0,0,0,0,0,0,0,0,0,0,0
260,TCGA-EJ-A65J-01A,Tumor,7412,2,1,0,0,1,0,0,0,1,0,0,0,0,0,1,0,0
261,TCGA-XQ-A8TB-01A,Tumor,6903,1,1,0,1,1,1,0,0,1,1,1,0,0,0,1,0,0
262,TCGA-HC-7213-01A,Tumor,6352,453,2,0,0,1,0,0,0,1,1,0,1,0,0,0,0,0
263,TCGA-G9-6343-01A,Tumor,8062,660,2,1,0,0,0,0,0,1,0,0,0,0,0,1,0,1
264,TCGA-XK-AAIW-01A,Tumor,9216,2,1,1,1,0,1,0,0,1,0,0,0,0,0,0,0,1
265,TCGA-KK-A8I9-01A,Tumor,7540,2,1,1,0,1,1,0,1,1,1,1,0,1,0,0,1,1
266,TCGA-EJ-5526-01A,Tumor,5097,326,2,0,1,1,0,1,0,0,1,0,1,0,0,0,1,0
267,TCGA-KK-A6E6-01A,Tumor,5132,3,1,1,1,0,1,0,0,0,0,0,1,0,0,0,0,0
268,TCGA-G9-6362-01A,Tumor,10521,1,1,1,1,0,0,0,0,1,0,1,0,1,0,0,0,1
269,TCGA-HC-8262-11A,Normal,4737,1,1,0,0,0,0,0,0,0,0,0,0,0,0,0,0,0
270,TCGA-QU-A6IM-01A,Tumor,13548,1,1,1,0,0,0,1,1,1,1,1,0,0,0,1,0,1
271,TCGA-HC-7819-01A,Tumor,7077,368,2,1,1,0,1,1,0,0,1,0,1,0,0,0,0,0
272,TCGA-YL-A9WL-01A,Tumor,9091,2,1,1,1,1,1,0,1,1,0,0,1,0,0,0,1,1
273,TCGA-EJ-A7NN-01A,Tumor,7255,1,1,1,1,1,1,0,0,0,1,1,0,0,0,0,0,0
274,TCGA-HC-7817-01B,Tumor,4802,2,1,0,0,0,1,0,0,0,0,0,1,0,0,0,0,1
275,TCGA-XA-A8JR-01A,Tumor,5656,467,2,1,0,1,0,0,0,1,1,0,0,0,0,1,0,1
276,TCGA-G9-6336-01A,Tumor,3746,2,1,0,0,0,0,0,0,0,0,0,0,1,0,0,0,0
277,TCGA-KK-A6E5-01A,Tumor,5699,4,1,1,1,0,0,1,0,1,0,0,0,1,0,1,0,0
278,TCGA-HI-7168-01A,Tumor,5295,1,1,0,0,1,0,0,0,0,0,1,0,0,0,1,0,0
279,TCGA-V1-A9O7-01A,Tumor,5343,2,1,0,0,1,0,0,1,0,0,0,0,0,0,0,0,0
280,TCGA-EJ-7315-01A,Tumor,6899,3,1,1,1,0,0,1,0,0,0,0,1,0,0,0,0,0
281,TCGA-EJ-5508-01A,Tumor,4599,2,1,0,1,1,0,1,0,0,1,0,1,0,0,0,0,0
282,TCGA-CH-5738-01A,Tumor,4470,1,1,0,1,0,0,0,0,0,1,0,0,0,0,0,0,0
283,TCGA-EJ-5507-01A,Tumor,6648,2,1,1,0,1,0,1,0,0,0,0,1,0,1,1,0,0
284,TCGA-EJ-7782-01A,Tumor,8240,1,1,1,1,1,0,1,0,0,0,1,1,0,0,0,0,0
285,TCGA-G9-6329-01A,Tumor,3479,562,2,1,0,0,0,0,0,0,0,0,0,0,0,0,0,0
286,TCGA-J9-A8CN-01A,Tumor,8532,382,2,1,0,1,0,0,0,1,0,0,0,1,0,1,0,1
287,TCGA-HC-7747-01A,Tumor,3961,434,2,0,0,0,0,0,0,0,1,0,0,0,0,0,0,1
288,TCGA-EJ-7784-11A,Normal,2247,3,1,0,0,0,0,0,0,0,0,0,0,0,0,0,0,0
289,TCGA-ZG-A9L1-01A,Tumor,8309,4,1,0,1,0,0,1,0,1,0,0,1,0,0,1,0,1
290,TCGA-ZG-A9ND-01A,Tumor,8377,438,2,1,0,0,0,1,0,1,1,1,1,0,0,1,0,1
291,TCGA-EJ-A65G-01A,Tumor,7938,9,1,1,0,0,0,0,0,1,0,0,0,0,0,1,0,1
292,TCGA-M7-A724-01A,Tumor,11236,2,1,1,1,1,1,0,0,1,0,1,0,0,0,1,0,1
293,TCGA-CH-5767-11B,Normal,3795,1,1,0,0,0,0,0,0,0,0,0,0,0,0,0,0,0
294,TCGA-XK-AAJA-01A,Tumor,10731,1,1,1,0,1,1,0,1,0,1,0,1,1,0,0,0,0
295,TCGA-CH-5745-01A,Tumor,5278,1,1,0,1,0,1,1,0,0,1,0,1,0,0,0,0,0
296,TCGA-J4-AATV-01A,Tumor,5184,212,2,0,0,1,0,0,0,0,1,0,0,0,0,0,0,0
297,TCGA-VP-AA1N-01A,Tumor,6880,221,2,1,1,0,0,0,1,1,0,1,0,1,0,1,0,1
298,TCGA-HC-8260-11A,Normal,3419,148,2,0,0,0,0,0,0,0,0,0,0,0,0,0,0,0
299,TCGA-HC-A48F-01A,Tumor,9357,2,1,1,0,1,1,1,1,1,0,1,1,0,0,1,0,0
300,TCGA-G9-A9S4-01A,Tumor,8869,1,1,0,0,0,1,0,0,0,0,1,0,1,0,0,0,1
301,TCGA-HC-8213-01A,Tumor,8277,1,1,1,1,0,0,1,0,0,1,0,1,0,0,0,0,0
302,TCGA-YL-A8SK-01B,Tumor,6566,2,1,0,0,1,1,0,1,0,0,1,0,1,0,0,0,0
303,TCGA-2A-A8VO-01A,Tumor,7175,2,1,1,1,1,1,0,0,1,0,0,0,0,0,1,1,0
304,TCGA-HC-A76W-01A,Tumor,5402,1,1,0,0,1,1,0,0,1,0,0,0,0,1,0,0,1
305,TCGA-VP-A87E-01A,Tumor,6044,1,1,0,0,0,1,0,1,1,0,0,0,0,0,0,0,0
306,TCGA-HC-8258-11A,Normal,7457,1,1,0,0,0,0,0,0,0,0,0,0,0,0,0,0,0
307,TCGA-G9-6339-01A,Tumor,6211,3,1,1,1,0,0,0,0,0,0,0,0,0,0,0,0,0
308,TCGA-TP-A8TT-01A,Tumor,6734,2,1,1,1,1,1,0,1,0,1,0,0,1,0,0,0,0
309,TCGA-G9-6356-01A,Tumor,3048,1,1,0,1,0,0,0,0,0,1,0,1,0,0,0,0,0
310,TCGA-XJ-A83H-01A,Tumor,5995,1,1,0,0,1,1,0,0,1,0,0,1,0,0,1,0,0
311,TCGA-EJ-7793-01A,Tumor,4150,8,1,0,0,0,0,0,1,0,1,0,0,0,0,0,0,0
312,TCGA-EJ-5515-01A,Tumor,4435,1,1,0,0,1,0,1,0,0,1,0,0,0,1,0,0,0
313,TCGA-H9-A6BY-01A,Tumor,10179,6,1,1,0,0,1,0,0,1,1,1,1,0,0,0,0,1
314,TCGA-CH-5744-01A,Tumor,5884,357,2,1,1,0,1,0,0,0,0,0,1,0,1,0,0,0
315,TCGA-VP-A875-01A,Tumor,11070,5,1,1,1,1,1,1,0,0,0,0,1,0,0,0,0,1
316,TCGA-J4-A67R-01A,Tumor,7957,1,1,1,0,0,0,0,1,1,0,0,0,0,0,0,0,1
317,TCGA-XJ-A9DI-01A,Tumor,7386,1,1,0,0,1,1,0,1,0,0,0,0,0,0,0,0,0
318,TCGA-EJ-7784-01A,Tumor,7937,2,1,0,1,1,0,1,0,1,0,0,1,0,0,1,0,0
319,TCGA-HC-7750-01A,Tumor,3392,2,1,1,0,0,0,0,0,0,0,0,0,0,0,0,0,0
320,TCGA-HC-7747-11A,Normal,6503,4,1,0,0,0,0,0,0,0,0,0,0,0,0,0,0,0
321,TCGA-CH-5794-01A,Tumor,6293,2,1,1,1,0,1,0,0,0,1,0,1,0,1,0,0,0
322,TCGA-HC-A8D1-01A,Tumor,3787,2,1,0,0,1,1,0,0,0,1,0,1,0,0,0,0,0
323,TCGA-V1-A9Z8-01A,Tumor,4488,2,1,0,1,0,0,0,0,1,0,1,0,0,0,1,0,0
324,TCGA-EJ-5511-01A,Tumor,5714,1,1,0,1,0,0,1,0,0,0,0,0,0,0,0,0,1
325,TCGA-HC-A6AL-01A,Tumor,8772,347,2,1,0,0,0,1,0,0,1,0,0,0,0,0,0,1
326,TCGA-EJ-5510-01A,Tumor,3651,4,1,0,1,0,0,0,0,0,0,0,0,0,1,0,0,0
327,TCGA-HC-7077-01A,Tumor,7562,769,2,0,1,1,0,1,0,0,1,0,1,0,0,0,0,1
328,TCGA-HC-A76X-01A,Tumor,8083,4,1,1,1,1,1,1,1,0,1,0,1,0,0,0,0,1
329,TCGA-KK-A7AW-01A,Tumor,13654,2,1,1,1,0,0,0,0,1,1,0,0,0,0,1,0,1
330,TCGA-HC-7742-01A,Tumor,4525,1,1,0,0,1,0,1,0,0,0,0,0,0,0,0,0,0
331,TCGA-CH-5763-01A,Tumor,4214,1,1,0,1,1,0,0,0,0,0,0,0,0,0,0,0,1
332,TCGA-J4-A6G3-01A,Tumor,5657,1,1,0,0,1,1,0,0,0,0,0,0,0,0,0,0,0
333,TCGA-VP-A872-01A,Tumor,8650,1,1,1,0,1,1,0,1,0,1,0,1,0,0,0,0,1
334,TCGA-G9-6385-01A,Tumor,2528,1,1,0,0,0,0,0,0,0,0,1,0,0,0,0,0,0
335,TCGA-HC-8262-01A,Tumor,5725,1,1,0,0,1,1,0,0,0,1,0,0,0,0,0,0,0
336,TCGA-J9-A52C-01A,Tumor,4933,1,1,0,0,0,0,0,0,1,0,0,0,0,0,0,0,0
337,TCGA-G9-6498-01A,Tumor,9404,1,1,1,0,0,0,0,0,1,0,0,0,0,0,1,0,0
338,TCGA-G9-6378-01A,Tumor,4952,2,1,1,0,0,0,0,0,1,0,0,1,0,0,1,0,0
339,TCGA-KK-A8IJ-01A,Tumor,6137,3,1,1,1,0,1,0,0,1,1,0,0,0,0,1,0,0
340,TCGA-XQ-A8TA-01A,Tumor,13704,1,1,1,1,1,1,1,0,1,1,1,0,1,0,0,0,1
341,TCGA-J4-A67T-01A,Tumor,5770,2,1,0,1,1,1,0,0,1,1,0,0,0,0,0,0,0
342,TCGA-EJ-A7NH-01A,Tumor,6742,649,2,1,0,1,1,0,0,0,0,1,0,0,0,1,0,0
343,TCGA-G9-6348-11A,Normal,3600,4,1,0,0,0,0,0,0,0,0,0,0,0,0,0,0,0
344,TCGA-HC-8216-01A,Tumor,6433,1,1,0,0,0,0,1,0,0,0,0,0,0,0,0,0,0
345,TCGA-2A-A8W1-01A,Tumor,9394,5,1,1,1,1,1,1,0,0,1,0,0,0,0,1,0,0
346,TCGA-J4-A83N-01A,Tumor,6599,223,2,1,1,0,0,0,0,1,1,0,0,0,0,0,0,1
347,TCGA-KK-A59Y-01A,Tumor,9666,2,1,1,0,0,1,1,0,0,0,1,0,0,0,0,0,1
348,TCGA-YL-A8SB-01A,Tumor,4960,1,1,1,0,1,1,0,0,0,0,0,0,0,0,1,0,0
349,TCGA-V1-A9O5-01A,Tumor,8874,312,2,0,1,1,1,1,1,1,1,1,0,1,0,0,0,1
350,TCGA-EJ-5495-01A,Tumor,4298,13,1,0,1,0,0,0,0,0,0,0,1,0,0,0,0,0
351,TCGA-G9-6373-01A,Tumor,6060,4,1,1,0,0,0,1,1,1,0,0,0,0,0,1,0,0
352,TCGA-EJ-7331-01A,Tumor,3692,376,2,0,0,0,0,0,0,0,1,0,0,0,0,1,0,0
353,TCGA-HC-8258-01A,Tumor,4049,115,2,0,0,0,1,0,0,0,0,0,1,0,0,0,0,1
354,TCGA-EJ-A8FS-01A,Tumor,7920,7,1,1,1,0,0,1,0,1,0,1,1,0,0,1,0,1
355,TCGA-J4-A67M-01A,Tumor,7913,3,1,1,0,0,0,0,0,1,1,0,0,1,0,0,0,1
356,TCGA-KC-A7FE-01A,Tumor,3176,17,1,1,0,0,1,0,1,0,0,0,0,0,0,0,0,0
357,TCGA-HC-7081-01A,Tumor,5838,1,1,0,0,0,0,1,1,0,0,0,0,0,0,0,0,0
358,TCGA-ZG-A9L0-01A,Tumor,7432,2,1,1,1,1,0,1,0,0,1,1,0,1,0,0,0,0
359,TCGA-EJ-5499-01A,Tumor,4875,11,1,0,1,0,0,0,0,0,0,0,1,0,0,1,0,0
360,TCGA-EJ-7797-11A,Normal,2571,1,1,0,0,0,0,0,0,0,0,0,0,0,0,0,0,0
361,TCGA-2A-AAYO-01A,Tumor,6438,4,1,1,0,0,0,0,0,1,0,0,0,1,0,1,0,1
362,TCGA-CH-5762-01A,Tumor,5962,2,1,0,1,1,0,1,0,0,0,0,1,0,0,0,0,0
363,TCGA-KK-A8IL-01A,Tumor,7107,3,1,0,1,1,1,0,0,1,0,0,0,1,0,0,0,0
364,TCGA-CH-5752-01A,Tumor,8706,2,1,0,1,0,0,0,0,1,1,0,0,0,0,0,0,0
365,TCGA-HC-A8D0-01A,Tumor,4534,3,1,0,0,0,0,0,1,0,0,0,1,0,0,0,0,0
366,TCGA-EJ-7321-11A,Normal,2564,3,1,0,0,0,0,0,0,0,0,0,0,0,0,0,0,0
367,TCGA-J4-8200-01A,Tumor,5495,2,1,0,1,1,0,0,0,1,0,0,0,0,0,1,0,0
368,TCGA-EJ-5517-01A,Tumor,4681,736,2,0,0,0,0,1,0,0,0,0,0,1,0,1,0,0
369,TCGA-EJ-7781-11A,Normal,4177,3,1,0,0,0,0,0,0,0,0,0,0,0,0,0,0,0
370,TCGA-EJ-7328-11A,Normal,3321,1,1,0,0,0,0,0,0,0,0,0,0,0,0,0,0,0
371,TCGA-KK-A8I5-01A,Tumor,6942,406,2,0,1,1,1,0,1,0,1,0,1,0,0,0,0,1
372,TCGA-CH-5789-01A,Tumor,4047,2,1,0,0,1,0,0,0,0,0,0,0,0,1,0,0,0
373,TCGA-EJ-7125-11A,Normal,4944,1,1,0,0,0,0,0,0,0,0,0,0,0,0,0,0,0
374,TCGA-VN-A88P-01A,Tumor,5998,233,2,1,1,0,0,0,0,1,0,0,0,0,0,1,0,1
375,TCGA-CH-5753-01A,Tumor,10566,2,1,0,1,1,1,1,0,1,1,0,0,0,1,0,0,0
376,TCGA-EJ-A46G-01A,Tumor,9567,1,1,1,0,1,1,1,0,0,1,1,0,0,0,1,0,0
377,TCGA-EJ-7794-01A,Tumor,3778,157,2,0,0,0,0,0,0,0,0,0,0,0,0,1,0,0
378,TCGA-HC-7738-01A,Tumor,6187,417,2,1,0,1,0,0,0,0,0,0,0,0,0,1,0,1
379,TCGA-CH-5765-01A,Tumor,6807,2,1,0,1,1,0,1,0,1,0,0,1,0,0,0,0,0
380,TCGA-J4-A67N-01A,Tumor,10785,1,1,1,0,0,1,0,1,1,0,0,0,0,0,1,0,1
381,TCGA-X4-A8KQ-01A,Tumor,7337,1,1,1,0,0,1,0,0,1,0,1,0,1,0,1,0,0
382,TCGA-XJ-A9DX-01A,Tumor,10577,1,1,1,0,1,1,0,1,1,0,1,0,0,0,1,0,0
383,TCGA-CH-5768-01A,Tumor,7348,3,1,0,1,1,0,1,0,0,0,0,1,0,0,0,0,0
384,TCGA-ZG-A9L5-01A,Tumor,9634,1,1,1,1,1,1,1,0,0,1,1,0,1,0,1,0,0
385,TCGA-J9-A8CL-01A,Tumor,8224,1,1,1,0,1,0,0,0,1,0,1,0,0,0,1,0,1
386,TCGA-HC-A6AN-01A,Tumor,9332,3,1,1,0,0,0,0,1,1,0,0,0,0,0,1,0,1
387,TCGA-Y6-A8TL-01A,Tumor,5987,3,1,1,0,0,1,0,1,1,0,1,1,0,0,1,0,1
388,TCGA-J4-A83K-01A,Tumor,5148,536,2,0,0,1,1,0,1,0,1,0,0,1,0,0,0,1
389,TCGA-Y6-A9XI-01A,Tumor,8533,4,1,1,1,1,1,0,0,1,0,0,0,1,0,1,1,1
390,TCGA-KC-A4BR-01A,Tumor,5187,2,1,0,0,0,0,0,0,1,0,0,0,0,0,0,0,0
391,TCGA-J4-AAU2-01A,Tumor,6587,990,2,1,0,0,0,0,1,1,0,0,0,0,0,1,0,1
392,TCGA-EJ-7786-01A,Tumor,4337,599,2,0,0,0,0,1,0,0,1,0,0,0,0,1,0,0
393,TCGA-CH-5739-01A,Tumor,5812,525,2,0,1,0,0,1,0,0,1,0,1,0,0,0,0,0
394,TCGA-HC-7075-01A,Tumor,6589,3,1,1,1,0,0,1,0,1,0,0,0,0,0,1,1,0
395,TCGA-G9-7525-01A,Tumor,7320,3,1,0,1,0,0,0,1,1,0,0,0,0,0,1,0,0
396,TCGA-KC-A4BV-01A,Tumor,6685,4,1,1,1,1,1,1,0,1,0,1,1,1,1,1,0,0
397,TCGA-FC-A8O0-01A,Tumor,7106,2,1,1,0,1,1,0,0,0,0,1,0,1,1,0,1,0
398,TCGA-EJ-7321-01A,Tumor,6104,2,1,0,1,0,0,1,0,0,1,0,1,0,0,0,0,0
399,TCGA-CH-5772-01A,Tumor,6474,1,1,0,0,1,0,1,0,1,0,0,0,0,0,1,0,0
400,TCGA-EJ-7312-01B,Tumor,7743,3,1,1,0,0,0,0,0,1,1,1,0,0,0,1,0,1
401,TCGA-VP-A876-01A,Tumor,8447,2,1,1,1,1,1,1,0,0,1,0,1,0,0,0,0,0
402,TCGA-ZG-A9LZ-01A,Tumor,8254,1,1,1,1,1,1,0,0,0,0,1,0,0,1,0,0,1
403,TCGA-V1-A9OA-01A,Tumor,5700,1,1,1,0,0,1,0,0,0,0,1,0,0,0,0,0,0
404,TCGA-G9-6365-01A,Tumor,3431,1,1,1,0,0,0,0,0,0,1,0,0,0,0,0,0,0
405,TCGA-EJ-A8FP-01A,Tumor,3041,2,1,0,0,0,0,0,0,0,0,0,0,0,0,0,1,0
406,TCGA-V1-A8WV-01A,Tumor,10631,1,1,1,0,0,1,1,1,0,0,1,0,1,0,1,1,1
407,TCGA-YL-A8SP-01B,Tumor,9396,1,1,0,1,1,1,0,0,1,0,0,1,0,0,1,0,0
408,TCGA-EJ-5532-01A,Tumor,5193,242,2,0,1,0,0,1,0,1,1,0,0,0,0,1,0,0
409,TCGA-H9-7775-01A,Tumor,5136,1,1,0,1,1,0,0,0,0,0,0,1,0,0,1,0,0
410,TCGA-J4-8198-01A,Tumor,6198,1,1,0,1,1,1,0,0,0,0,0,1,0,0,1,1,0
411,TCGA-CH-5768-11A,Normal,4208,1,1,0,0,0,0,0,0,0,0,0,0,0,0,0,0,0
412,TCGA-YL-A8SC-01A,Tumor,7933,3,1,1,1,1,1,0,0,0,1,0,1,0,0,0,0,0
413,TCGA-VP-A87D-01A,Tumor,9131,1,1,1,1,1,1,1,0,0,0,0,1,0,0,1,0,0
414,TCGA-KC-A7FA-01A,Tumor,8038,3,1,1,0,1,1,0,0,1,0,0,0,0,0,1,0,1
415,TCGA-EJ-5521-01A,Tumor,5498,1,1,1,0,0,0,1,0,0,0,0,1,0,0,0,0,1
416,TCGA-HC-7736-01A,Tumor,5318,2,1,0,1,1,0,0,0,0,0,0,0,0,0,1,0,0
417,TCGA-HC-8265-01B,Tumor,21434,1,1,0,0,1,1,1,1,0,0,0,0,1,1,1,1,0
418,TCGA-HC-7080-01A,Tumor,10530,1,1,1,0,1,1,1,0,1,1,1,0,1,0,1,0,1
419,TCGA-EJ-5512-01A,Tumor,4204,576,2,0,0,0,0,1,0,0,1,0,1,0,0,0,0,0
420,TCGA-EJ-7786-11A,Normal,3504,2,1,0,0,0,0,0,0,0,0,0,0,0,0,0,0,0
421,TCGA-EJ-A46E-01A,Tumor,6169,2,1,0,1,0,0,0,1,0,0,0,0,1,0,0,1,0
422,TCGA-V1-A8WW-01A,Tumor,7740,2,1,1,1,1,0,0,1,0,0,0,0,0,0,1,0,1
423,TCGA-CH-5792-01A,Tumor,3442,266,2,0,1,0,0,0,0,0,0,0,0,0,0,1,0,0
424,TCGA-KK-A8IH-01A,Tumor,10654,1,1,1,1,1,1,0,0,0,1,1,1,0,0,0,1,1
425,TCGA-QU-A6IN-01A,Tumor,13373,1,1,1,0,0,1,0,1,1,0,0,1,0,0,1,0,1
426,TCGA-G9-6371-01A,Tumor,6338,1571,2,1,1,0,0,1,1,1,1,0,0,0,0,0,0,0
427,TCGA-HC-8256-01A,Tumor,6434,381,2,1,1,0,0,0,0,1,0,0,0,0,0,0,0,1
428,TCGA-V1-A9Z9-01A,Tumor,5811,1,1,1,0,0,0,0,0,1,0,1,1,0,0,1,0,1
429,TCGA-VP-A87K-01A,Tumor,8599,3,1,1,1,1,1,0,1,0,0,1,0,0,0,0,0,1
430,TCGA-G9-6499-11A,Normal,4873,1,1,0,0,0,0,0,0,0,0,0,0,0,0,0,0,0
431,TCGA-EJ-A8FO-01A,Tumor,3729,634,2,0,0,0,1,0,0,0,0,0,0,0,0,0,0,0
432,TCGA-G9-6338-01A,Tumor,8906,1,1,1,0,0,0,0,1,1,1,1,1,0,0,1,0,0
433,TCGA-G9-6342-11A,Normal,3526,4,1,0,0,0,0,0,0,0,0,0,0,0,0,0,0,0
434,TCGA-V1-A9OY-01A,Tumor,5877,3,1,1,0,0,1,0,1,1,1,1,0,1,0,0,0,1
435,TCGA-CH-5751-01A,Tumor,11338,1,1,0,1,1,1,1,0,1,1,1,1,0,0,1,1,0
436,TCGA-2A-AAYF-01A,Tumor,6916,9,1,1,0,0,0,0,0,1,1,0,0,0,0,1,0,1
437,TCGA-EJ-7789-01A,Tumor,11904,1,1,1,1,0,1,1,0,0,0,1,0,1,0,1,1,0
438,TCGA-KK-A7AU-01A,Tumor,10604,4,1,1,1,1,1,1,1,1,1,1,0,1,1,0,0,0
439,TCGA-YL-A9WK-01A,Tumor,6839,2,1,0,0,0,0,1,0,1,1,1,0,0,0,0,0,1
440,TCGA-CH-5791-01A,Tumor,6609,4,1,1,1,1,0,1,0,0,1,0,0,0,0,1,0,0
441,TCGA-YL-A8SI-01A,Tumor,4463,3,1,0,0,1,0,0,0,1,0,0,0,0,0,0,0,1
442,TCGA-G9-6363-11A,Normal,3331,169,2,0,0,0,0,0,0,0,0,0,0,0,0,0,0,0
443,TCGA-G9-A9S0-01A,Tumor,8456,2,1,1,1,0,0,1,0,1,0,0,0,0,0,0,0,0
444,TCGA-G9-7522-01A,Tumor,3258,263,2,1,1,0,0,0,0,0,0,0,0,0,0,0,0,0
445,TCGA-YJ-A8SW-01A,Tumor,9051,1,1,0,1,1,1,1,0,0,1,0,0,0,0,0,0,1
446,TCGA-EJ-7325-01B,Tumor,11969,1,1,1,0,0,0,0,0,1,0,0,0,0,0,1,0,1
447,TCGA-CH-5761-01A,Tumor,8659,4,1,0,0,1,0,1,0,0,0,0,0,0,0,1,0,0
448,TCGA-TP-A8TV-01A,Tumor,9596,1,1,1,1,1,1,1,1,1,0,1,1,0,0,1,0,1
449,TCGA-KK-A59Z-01A,Tumor,7160,2,1,1,1,0,1,0,0,1,0,1,0,0,0,1,0,0
450,TCGA-CH-5761-11A,Normal,3503,1,1,0,0,0,0,0,0,0,0,0,0,0,0,0,0,0
451,TCGA-G9-6364-01A,Tumor,5623,2,1,1,1,0,0,0,0,0,1,0,1,0,0,0,0,0
452,TCGA-EJ-5502-01A,Tumor,3651,5,1,0,0,0,0,1,0,0,1,0,0,0,0,0,0,0
453,TCGA-J4-A6M7-01A,Tumor,6361,6,1,0,0,1,1,0,0,1,0,0,1,0,0,0,0,0
454,TCGA-HC-7821-01A,Tumor,7024,4,1,1,1,1,1,0,0,0,1,1,0,0,0,0,0,0
455,TCGA-G9-6366-01A,Tumor,7369,3,1,1,1,0,0,0,0,0,1,0,0,0,0,1,0,1
456,TCGA-EJ-5506-01A,Tumor,4426,3,1,0,0,0,0,0,0,0,0,0,0,0,1,0,1,0
457,TCGA-HC-A4ZV-01A,Tumor,9633,1,1,0,0,1,1,0,0,1,0,1,0,1,1,0,0,0
458,TCGA-ZG-A9L6-01A,Tumor,3742,1,1,0,0,0,1,0,0,0,0,0,0,0,0,0,0,0
459,TCGA-FC-7708-01A,Tumor,3979,1,1,0,1,0,0,0,0,0,1,0,0,0,0,0,0,0
460,TCGA-XJ-A83F-01A,Tumor,8704,191,2,1,0,0,1,0,1,1,1,1,0,0,0,0,1,1
461,TCGA-V1-A8WN-01A,Tumor,4631,1,1,0,0,1,1,0,0,0,0,0,0,0,0,0,0,0
462,TCGA-HC-A6AS-01A,Tumor,7670,506,2,1,0,0,0,0,0,0,0,0,0,0,0,0,0,1
463,TCGA-KK-A8IA-01A,Tumor,8785,1,1,1,1,1,1,1,1,0,0,1,0,1,0,1,0,0
464,TCGA-J4-A67Q-01A,Tumor,9943,1,1,1,0,0,0,0,0,1,1,0,0,0,0,0,0,1
465,TCGA-VN-A88R-01A,Tumor,9043,4,1,1,1,0,1,1,1,1,0,1,1,0,0,1,0,1
466,TCGA-2A-A8VL-01A,Tumor,6245,2,1,1,0,0,1,0,0,0,0,0,0,0,0,1,0,0
467,TCGA-EJ-5496-01A,Tumor,6688,1,1,0,1,0,1,1,0,0,0,0,1,0,0,0,0,0
468,TCGA-V1-A9ZG-01A,Tumor,5947,1,1,0,1,0,0,0,0,1,0,1,1,0,0,1,0,1
469,TCGA-HC-7737-11A,Normal,5516,1,1,0,0,0,0,0,0,0,0,0,0,0,0,0,0,0
470,TCGA-KK-A8IG-01A,Tumor,5602,3,1,1,0,1,0,0,0,0,0,1,0,0,0,1,0,0
471,TCGA-KK-A7AQ-01A,Tumor,10003,1,1,1,0,0,0,0,1,1,1,1,0,1,0,1,0,1
472,TCGA-KK-A7B0-01A,Tumor,10441,1,1,1,0,0,0,1,0,1,0,1,0,0,0,1,0,1
473,TCGA-G9-6332-01A,Tumor,7751,3,1,1,1,0,0,1,0,0,1,0,1,0,0,1,0,0
474,TCGA-HC-7752-11A,Normal,3745,1,1,0,0,0,0,0,0,0,0,0,0,0,0,0,0,0
475,TCGA-CH-5740-01A,Tumor,6744,1,1,1,1,0,1,1,0,0,1,0,1,0,0,0,0,0
476,TCGA-J4-A83M-01A,Tumor,7086,1,1,0,1,1,1,1,0,0,0,0,0,0,0,0,0,1
477,TCGA-XK-AAJR-01A,Tumor,4867,16,1,1,1,0,1,0,0,1,0,1,0,0,1,1,0,0
478,TCGA-KK-A6E2-01A,Tumor,7527,3,1,0,1,0,1,1,0,1,0,0,1,0,0,0,0,0
479,TCGA-VN-A88L-01A,Tumor,6022,1,1,1,0,1,1,0,1,0,1,1,1,1,0,0,0,1
480,TCGA-EJ-5514-01A,Tumor,7401,7,1,1,1,1,0,0,0,1,0,0,0,0,0,0,0,0
481,TCGA-EJ-5519-01A,Tumor,6370,1,1,0,1,1,0,0,0,0,0,0,0,0,0,1,0,0
482,TCGA-CH-5767-01A,Tumor,8745,1,1,1,1,0,0,1,0,1,0,0,0,0,0,1,0,0
483,TCGA-ZG-A8QZ-01A,Tumor,4360,698,2,1,0,1,1,0,0,0,0,0,1,0,1,0,0,0
484,TCGA-EJ-5494-01A,Tumor,5329,5,1,1,0,0,0,1,0,1,0,0,0,0,0,1,0,1
485,TCGA-EJ-8468-01A,Tumor,6228,1,1,0,1,0,0,0,0,0,0,0,0,0,0,1,0,0
486,TCGA-EJ-5530-01A,Tumor,5241,2,1,0,1,0,0,1,0,0,1,0,0,0,0,0,1,0
487,TCGA-EJ-5504-01A,Tumor,5129,1,1,0,1,0,0,1,0,0,0,0,0,0,0,0,0,0
488,TCGA-HC-8264-01B,Tumor,5245,1,1,0,1,1,1,0,0,1,0,1,0,0,0,1,0,0
489,TCGA-J9-A52D-01A,Tumor,10183,3,1,1,0,1,0,1,0,1,0,0,1,0,0,1,0,0
490,TCGA-HC-7079-01A,Tumor,7793,1,1,0,1,1,1,0,1,0,1,0,1,0,0,0,1,0
491,TCGA-V1-A9O5-06A,Tumor,10002,2,1,0,1,1,0,1,0,1,0,1,0,0,1,0,0,1
492,TCGA-HC-7818-01A,Tumor,4288,1,1,0,1,0,0,0,0,0,1,0,0,0,0,0,0,0
493,TCGA-ZG-A9LN-01A,Tumor,6086,3,1,0,1,0,0,0,0,1,0,1,0,0,0,0,0,0
494,TCGA-HC-7738-11A,Normal,5887,1,1,0,0,0,0,0,0,0,0,0,0,0,0,0,0,0
495,TCGA-VP-A87B-01A,Tumor,9515,1,1,1,1,1,1,1,0,1,1,0,1,0,0,1,0,0
496,TCGA-V1-A9ZK-01A,Tumor,3997,175,2,0,0,1,0,1,0,1,0,0,1,0,0,1,0,0
497,TCGA-V1-A8MM-01A,Tumor,9430,1,1,1,0,0,1,1,0,1,0,1,0,1,0,1,0,1
498,TCGA-HC-7209-01A,Tumor,5496,776,2,0,1,0,0,1,0,0,1,0,0,0,0,0,0,0
499,TCGA-HC-7748-01A,Tumor,4229,469,2,0,1,0,0,1,0,0,0,0,1,0,0,1,0,0
500,TCGA-KC-A7F5-01A,Tumor,11829,2,1,1,1,1,1,1,0,1,0,1,0,1,0,1,0,1
501,TCGA-HC-7752-01A,Tumor,13470,1,1,1,1,0,1,0,0,1,0,1,0,0,0,1,0,1
502,TCGA-HC-A6AP-01A,Tumor,8550,2,1,1,0,0,0,0,1,1,0,1,1,0,0,0,0,1
503,TCGA-HC-8257-01A,Tumor,6682,3,1,1,1,1,1,0,0,1,1,0,1,0,0,1,0,0
504,TCGA-EJ-5525-01A,Tumor,8502,2,1,0,1,1,0,1,0,0,0,0,0,0,0,1,1,0
505,TCGA-ZG-A9LU-01A,Tumor,6960,1,1,1,0,0,1,0,0,0,0,1,0,0,0,1,0,1
506,TCGA-G9-7523-01A,Tumor,4584,145,2,0,0,0,0,0,0,1,0,1,0,0,0,0,0,0
507,TCGA-G9-6333-01A,Tumor,4886,1,1,0,0,0,1,0,0,1,0,1,0,0,0,1,0,0
508,TCGA-2A-AAYU-01A,Tumor,6165,2,1,1,0,0,1,0,0,0,1,0,0,0,0,1,0,1
509,TCGA-VN-A88N-01A,Tumor,7589,4,1,1,1,0,0,0,0,1,0,0,0,0,1,1,0,0
510,TCGA-EJ-5524-01A,Tumor,5377,196,2,0,1,1,1,1,0,0,1,0,0,0,1,0,0,0
511,TCGA-KK-A6E0-01A,Tumor,8205,2,1,1,1,1,1,0,0,0,0,1,1,1,0,0,0,1
512,TCGA-H9-A6BX-01A,Tumor,3300,3,1,0,0,0,0,0,0,0,0,0,0,1,0,0,0,0
513,TCGA-EJ-A65B-01A,Tumor,7631,2,1,1,0,0,0,0,0,1,1,0,0,0,0,0,0,1
514,TCGA-ZG-A8QY-01A,Tumor,5168,5,1,1,0,0,0,1,0,1,0,1,1,0,1,1,0,1
515,TCGA-XK-AAJ3-01A,Tumor,8526,2,1,1,0,1,1,0,0,1,1,1,1,0,0,1,0,1
516,TCGA-VP-A87J-01A,Tumor,7522,2,1,0,1,1,1,1,0,0,1,0,0,0,0,1,0,0
517,TCGA-HC-A9TH-01A,Tumor,7693,1,1,1,0,1,1,0,1,0,0,1,0,0,0,0,1,0
518,TCGA-G9-6377-01A,Tumor,5746,1163,2,0,1,0,0,0,0,0,0,0,0,0,0,0,0,0
519,TCGA-CH-5771-01A,Tumor,2729,10,1,0,1,0,0,0,0,0,0,0,0,0,0,0,0,0
520,TCGA-HC-8258-01B,Tumor,22561,1,1,0,0,1,1,0,1,0,0,0,0,0,1,1,1,1
521,TCGA-ZG-A9LY-01A,Tumor,4055,2,1,0,1,1,0,1,0,0,0,0,0,0,0,0,0,0
522,TCGA-EJ-5509-01A,Tumor,4385,4,1,1,1,0,0,1,0,0,0,0,1,0,0,1,0,0
523,TCGA-HC-8259-01A,Tumor,6731,418,2,1,1,0,1,0,0,0,0,0,1,0,0,0,0,0
524,TCGA-KK-A8IF-01A,Tumor,10404,3,1,1,0,0,0,1,1,1,0,1,0,1,0,1,0,1
525,TCGA-EJ-5516-01A,Tumor,5628,1,1,0,1,0,0,1,0,0,0,0,0,0,0,0,0,0
526,TCGA-G9-6342-01A,Tumor,4378,2,1,0,1,0,0,0,0,0,0,0,0,0,1,0,0,1
527,TCGA-2A-A8W3-01A,Tumor,6116,1,1,0,1,1,0,1,0,1,0,0,0,0,0,1,0,1
528,TCGA-EJ-7789-11A,Normal,2676,2,1,0,0,0,0,0,0,0,0,0,0,0,0,0,0,0
529,TCGA-HC-A9TE-01A,Tumor,9358,1,1,1,0,1,1,0,1,0,0,1,0,1,0,1,1,0
530,TCGA-G9-7521-01A,Tumor,6679,4,1,0,0,1,0,1,0,0,0,0,0,0,0,1,0,0
531,TCGA-HC-7230-01A,Tumor,7377,2,1,0,1,0,1,1,0,1,0,0,1,0,0,0,0,0
532,TCGA-EJ-A8FO-11A,Normal,3539,1,1,0,0,0,0,0,0,0,0,0,0,0,0,0,0,0
533,TCGA-EJ-7791-01A,Tumor,2267,2,1,0,0,0,0,0,1,0,0,0,1,0,0,0,0,0
534,TCGA-HC-7744-01A,Tumor,7008,3,1,0,1,0,0,1,0,0,0,0,1,0,0,1,0,0
535,TCGA-EJ-5527-01A,Tumor,4296,4,1,0,1,1,0,1,0,0,0,0,0,0,0,0,0,0
536,TCGA-XJ-A83G-01A,Tumor,8327,1,1,1,0,1,0,0,0,1,0,1,0,0,0,1,0,1
537,TCGA-HC-A8CY-01A,Tumor,9023,1,1,1,1,1,1,1,0,0,0,0,1,0,0,1,1,0
538,TCGA-G9-7510-01A,Tumor,3173,1,1,1,0,0,0,0,0,1,0,0,0,0,1,1,0,1
539,TCGA-YL-A8HL-01A,Tumor,8604,2,1,1,0,1,1,0,1,0,0,0,0,0,1,1,0,1
540,TCGA-EJ-7330-01A,Tumor,3617,168,2,0,0,1,0,1,0,0,0,0,1,0,0,0,0,0
541,TCGA-HC-7737-01A,Tumor,4696,19,1,0,0,0,0,0,1,0,0,0,0,0,0,0,0,0
542,TCGA-G9-6354-01A,Tumor,7987,2,1,1,0,0,1,0,0,0,0,0,0,0,0,1,0,1
543,TCGA-EJ-8474-01A,Tumor,5337,3,1,0,1,1,1,1,0,0,0,0,1,0,0,1,0,1
544,TCGA-VP-A878-01A,Tumor,5291,1,1,1,0,0,1,0,1,1,0,0,1,0,0,1,0,1
545,TCGA-EJ-A65F-01A,Tumor,7099,2,1,1,0,1,1,1,0,1,1,0,1,0,1,0,0,0
546,TCGA-G9-6370-01A,Tumor,2182,3,1,0,1,0,0,0,0,0,0,0,0,0,0,0,0,0
547,TCGA-G9-6367-01A,Tumor,2556,2,1,0,0,0,0,0,0,0,0,0,0,0,0,1,0,0
548,TCGA-YL-A8SO-01B,Tumor,8141,1,1,1,0,1,0,1,0,1,0,1,0,1,0,1,0,1
549,TCGA-YL-A8S9-01A,Tumor,9177,496,2,0,1,1,1,1,0,0,0,1,0,0,0,1,0,0
550,TCGA-KK-A8ID-01A,Tumor,9740,5,1,0,1,1,1,0,0,1,0,1,0,0,0,1,0,0
